Id,Sequence,Xc1.A,Xc1.R,Xc1.N,Xc1.D,Xc1.C,Xc1.Q,Xc1.E,Xc1.G,Xc1.H,Xc1.I,Xc1.L,Xc1.K,Xc1.M,Xc1.F,Xc1.P,Xc1.S,Xc1.T,Xc1.W,Xc1.Y,Xc1.V,Xc2.lambda1,Xc2.lambda2,Xc2.lambda3
HR2P,SLTQINTTLLDLTYEMLSLQQVVKALNESYIDLKEL,0.34602890926575103,0.0,0.6920578185315021,0.6920578185315021,0.0,1.0380867277972532,1.0380867277972532,0.0,0.0,0.6920578185315021,3.1142601833917594,0.6920578185315021,0.34602890926575103,0.0,0.0,1.0380867277972532,1.3841156370630041,0.0,0.6920578185315021,0.6920578185315021,0.24685297881165738,0.2302542312242588,0.17686388069833264
AVP1835,RNTREVFAQVKQMYKTPTLKYFG,0.2765343065979383,0.5530686131958766,0.2765343065979383,0.0,0.0,0.5530686131958766,0.2765343065979383,0.2765343065979383,0.0,0.0,0.2765343065979383,0.829602919793815,0.2765343065979383,0.5530686131958766,0.2765343065979383,0.0,0.829602919793815,0.0,0.5530686131958766,0.5530686131958766,0.23310571399976665,0.27764325321054706,0.21271672619174797
AVP1869,GDISGINASVVNIQKEIDRLNEVAKNLNESLIDLQELGKY,0.6291045333845877,0.31455226669229386,1.5727613334614694,0.9436568000768816,0.0,0.6291045333845877,1.2582090667691754,0.9436568000768816,0.0,1.5727613334614694,1.5727613334614694,0.9436568000768816,0.0,0.0,0.0,0.9436568000768816,0.0,0.0,0.31455226669229386,0.9436568000768816,0.25874754715616605,0.2891060652385981,0.13759412091294188
AVP1871,ISGINASVVNIQKEIDRLNEVAKNLNESLIDLQELGK,0.6440551405811283,0.32202757029056417,1.6101378514528208,0.6440551405811283,0.0,0.6440551405811283,1.2881102811622567,0.6440551405811283,0.0,1.6101378514528208,1.6101378514528208,0.9660827108716925,0.0,0.0,0.0,0.9660827108716925,0.0,0.0,0.0,0.9660827108716925,0.24784522209980817,0.29356203942274695,0.13656516818688075
AVP1585,GINASVVNIQKEIDRLNEVAKNL,0.6322728935596552,0.3161364467798276,1.2645457871193104,0.3161364467798276,0.0,0.3161364467798276,0.6322728935596552,0.3161364467798276,0.0,0.9484093403394829,0.6322728935596552,0.6322728935596552,0.0,0.0,0.0,0.3161364467798276,0.0,0.0,0.0,0.9484093403394829,0.24729535373211395,0.3033748250905249,0.13319337439753356
AVP1901,NQNAQALNTLVKQLSSNFGAISSVLNDILSRLDKVEAEVQIDRLIT,1.2467481328650545,0.6233740664325272,1.558435166081318,0.9350610996487908,0.0,1.2467481328650545,0.6233740664325272,0.3116870332162636,0.0,1.2467481328650545,2.1818092325138454,0.6233740664325272,0.0,0.3116870332162636,0.0,1.558435166081318,0.6233740664325272,0.0,0.0,1.2467481328650545,0.23940481156399737,0.24975714963668985,0.19915100558304913
AVP0551,AACEVAKNLNESLIDLQELGKYEQYIKW,0.8937681648004976,0.0,0.5958454432003317,0.29792272160016586,0.29792272160016586,0.5958454432003317,1.1916908864006635,0.29792272160016586,0.0,0.5958454432003317,1.1916908864006635,0.8937681648004976,0.0,0.0,0.0,0.29792272160016586,0.0,0.29792272160016586,0.5958454432003317,0.29792272160016586,0.26729626851334154,0.2838140267666147,0.1509669831198779
AVP0553,GYFVQDDGEWKFTGSSYYY,0.0,0.0,0.0,0.5091102632506976,0.0,0.2545551316253488,0.2545551316253488,0.7636653948760465,0.0,0.0,0.0,0.2545551316253488,0.0,0.5091102632506976,0.0,0.5091102632506976,0.2545551316253488,0.2545551316253488,1.0182205265013953,0.2545551316253488,0.22054107304137452,0.21045228173056554,0.3144515136027111
AVP1641,KKKKYRNIRRPG,0.0,0.6911683499151691,0.230389449971723,0.0,0.0,0.0,0.0,0.230389449971723,0.0,0.230389449971723,0.0,0.921557799886892,0.0,0.0,0.230389449971723,0.0,0.0,0.0,0.230389449971723,0.0,0.23129034475251134,0.3502128318132702,0.1881073734624954
AVP1897,DLSLDFEKLNVTLLDLTYEMNRIQDAIKKLNESYINLKE,0.29648735459851117,0.29648735459851117,1.1859494183940447,1.1859494183940447,0.0,0.29648735459851117,1.1859494183940447,0.0,0.0,0.8894620637955335,2.3718988367880893,1.1859494183940447,0.29648735459851117,0.29648735459851117,0.0,0.5929747091970223,0.5929747091970223,0.0,0.5929747091970223,0.29648735459851117,0.27380003145132636,0.2319395681907159,0.19777304575944663
AVP1916,KQLSSNFGAISSVLNDILSRLDKVEAEVQIDRLITG,0.5778030125979307,0.5778030125979307,0.5778030125979307,0.8667045188968959,0.0,0.5778030125979307,0.5778030125979307,0.5778030125979307,0.0,1.1556060251958613,1.4445075314948266,0.5778030125979307,0.0,0.2889015062989653,0.0,1.4445075314948266,0.2889015062989653,0.0,0.0,0.8667045188968959,0.24305501796256077,0.25624039429797846,0.2118030814404954
AVP1861,IDRLITGRLQSLQTYVTQQLIRAAEIRASANLAATK,1.585069369092607,1.0567129127284047,0.2641782281821012,0.2641782281821012,0.0,1.0567129127284047,0.2641782281821012,0.2641782281821012,0.0,1.0567129127284047,1.3208911409105057,0.2641782281821012,0.0,0.0,0.0,0.5283564563642024,1.0567129127284047,0.0,0.2641782281821012,0.2641782281821012,0.2649531424116667,0.24799706881377495,0.2228715605924571
AVP1876,INASVVNIQKEIDRLNEVAKNLNESLIDLQELGK,0.6275249745964138,0.3137624872982069,1.5688124364910345,0.6275249745964138,0.0,0.6275249745964138,1.2550499491928275,0.3137624872982069,0.0,1.2550499491928275,1.5688124364910345,0.9412874618946206,0.0,0.0,0.0,0.6275249745964138,0.0,0.0,0.0,0.9412874618946206,0.2491544687680872,0.2931611882446625,0.1439218556890434
AVP1706,ISGINASVVNIQKEIDRLNEVAKNLNESLIDLQEL,0.6586590811719955,0.3293295405859977,1.6466477029299886,0.6586590811719955,0.0,0.6586590811719955,1.317318162343991,0.3293295405859977,0.0,1.6466477029299886,1.6466477029299886,0.6586590811719955,0.0,0.0,0.0,0.9879886217579931,0.0,0.0,0.0,0.9879886217579931,0.2462522957434141,0.2870584756684123,0.13735968800217588
AP01788,QEAQSVACTSYYCSKFCGSAGCSLYGCYLLHPGKICYCLHCSR,1.1377968026357546,0.37926560087858485,0.0,0.0,3.034124807028679,0.7585312017571697,0.37926560087858485,1.5170624035143394,0.7585312017571697,0.37926560087858485,1.5170624035143394,0.7585312017571697,0.0,0.37926560087858485,0.37926560087858485,2.275593605271509,0.37926560087858485,0.0,1.8963280043929243,0.37926560087858485,0.20836142572363658,0.2331680462679061,0.17920492712987243
AVP1836,TKFPSVYAWERKKISNCVAD,0.5415881760904929,0.27079408804524646,0.27079408804524646,0.27079408804524646,0.27079408804524646,0.0,0.27079408804524646,0.0,0.0,0.27079408804524646,0.0,0.8123822641357394,0.0,0.27079408804524646,0.27079408804524646,0.5415881760904929,0.27079408804524646,0.27079408804524646,0.27079408804524646,0.5415881760904929,0.2309538129915944,0.2269561712338787,0.2712959277292804
AVP1862,YVTQQLIRAAEIRASANLAATKMSECVLGQSKRVDFCGKG,1.6841660083035666,0.8420830041517833,0.2806943347172611,0.2806943347172611,0.5613886694345221,0.8420830041517833,0.5613886694345221,0.8420830041517833,0.0,0.5613886694345221,0.8420830041517833,0.8420830041517833,0.2806943347172611,0.2806943347172611,0.0,0.8420830041517833,0.5613886694345221,0.0,0.2806943347172611,0.8420830041517833,0.26538171838923086,0.22518674225517757,0.2287372046383305
AVP1479,VLYNSTFFSTFKCYGVSATK,0.34236456779934227,0.0,0.34236456779934227,0.0,0.34236456779934227,0.0,0.0,0.34236456779934227,0.0,0.0,0.34236456779934227,0.6847291355986845,0.0,1.0270937033980267,0.0,1.0270937033980267,1.0270937033980267,0.0,0.6847291355986845,0.6847291355986845,0.21169351591986812,0.2537755804053682,0.19216633587542148
AVP1877,INASVVNIQKEIDRLNEVAKNLNESLIDL,0.6362919595133574,0.3181459797566787,1.5907298987833935,0.6362919595133574,0.0,0.3181459797566787,0.9544379392700362,0.0,0.0,1.2725839190267147,1.2725839190267147,0.6362919595133574,0.0,0.0,0.0,0.6362919595133574,0.0,0.0,0.0,0.9544379392700362,0.2449775888168038,0.2871941134035932,0.14968231802292448
AVP1840,TSSMRGVYYPDEIFRSDTLYL,0.0,0.48857049528951263,0.0,0.48857049528951263,0.0,0.0,0.24428524764475631,0.24428524764475631,0.0,0.24428524764475631,0.48857049528951263,0.0,0.24428524764475631,0.24428524764475631,0.24428524764475631,0.7328557429342689,0.48857049528951263,0.0,0.7328557429342689,0.24428524764475631,0.209637939355589,0.2875150583415873,0.25856175465806736
AVP0550,NEVAKNLNESLIDLQELGKYEQYIKWPWYVW,0.29077615565088427,0.0,0.8723284669526528,0.29077615565088427,0.0,0.5815523113017685,1.163104622603537,0.29077615565088427,0.0,0.5815523113017685,1.163104622603537,0.8723284669526528,0.0,0.0,0.29077615565088427,0.29077615565088427,0.0,0.8723284669526528,0.8723284669526528,0.5815523113017685,0.2806613975694656,0.2707647082626886,0.1577977385169615
AP00180,ATCYCRTGRCATRESLSGVCEISGRLYRLCCR,0.47858622031771164,1.435758660953135,0.0,0.0,1.435758660953135,0.0,0.47858622031771164,0.7178793304765675,0.0,0.23929311015885582,0.7178793304765675,0.0,0.0,0.0,0.0,0.7178793304765675,0.7178793304765675,0.0,0.47858622031771164,0.23929311015885582,0.2542725107163235,0.27579565866791955,0.23063872045690087
AVP1720,IQESLTTTSTALGKLQDVVNQNAQALNTLVKQLSS,1.181449738404748,0.0,1.181449738404748,0.3938165794682493,0.0,1.9690828973412464,0.3938165794682493,0.3938165794682493,0.0,0.3938165794682493,2.362899476809496,0.7876331589364985,0.0,0.0,0.0,1.575266317872997,1.9690828973412464,0.0,0.0,1.181449738404748,0.1998847186529465,0.24096987868496994,0.1653288231938342
AP00074,FLPVLAGIAAKVVPALFCKITKKC,1.475629428011337,0.0,0.0,0.0,0.7378147140056684,0.0,0.0,0.3689073570028342,0.0,0.7378147140056684,1.1067220710085026,1.475629428011337,0.0,0.7378147140056684,0.7378147140056684,0.0,0.3689073570028342,0.0,0.0,1.1067220710085026,0.20274577554830478,0.2602124500094412,0.16813441743941973
AVP1718,YENQKQIANQFNKAISQIQESLTTTSTA,1.140420431674649,0.0,1.140420431674649,0.0,0.0,1.900700719457748,0.7602802877830993,0.0,0.0,1.140420431674649,0.38014014389154965,0.7602802877830993,0.0,0.38014014389154965,0.0,1.140420431674649,1.5205605755661986,0.0,0.38014014389154965,0.0,0.1862277108191938,0.2509162656211626,0.1827158796680939
AVP1834,PSSKRFQPFQQFGRDVSDFT,0.0,0.5191462656840621,0.0,0.5191462656840621,0.0,0.7787193985260932,0.0,0.25957313284203104,0.0,0.0,0.0,0.25957313284203104,0.0,1.0382925313681242,0.5191462656840621,0.7787193985260932,0.25957313284203104,0.0,0.0,0.25957313284203104,0.24508141462357932,0.3047344197153028,0.19061103281908678
AP01356,KTCMTKKEGWGRCLIDTTCAHSCRKYGYMGGKCQGITRRCYCLLNC,0.25461928535398926,1.018477141415957,0.25461928535398926,0.25461928535398926,2.036954282831914,0.25461928535398926,0.25461928535398926,1.5277157121239358,0.25461928535398926,0.5092385707079785,0.7638578560619679,1.2730964267699463,0.5092385707079785,0.0,0.0,0.25461928535398926,1.2730964267699463,0.25461928535398926,0.7638578560619679,0.0,0.21813472847545656,0.24721098670135708,0.280034999469197
AVP2054,LFRLIKSLIKRLVSAFK,0.21411105706551958,0.42822211413103917,0.0,0.0,0.0,0.0,0.0,0.0,0.0,0.42822211413103917,0.8564442282620783,0.6423331711965587,0.0,0.42822211413103917,0.0,0.42822211413103917,0.0,0.0,0.0,0.21411105706551958,0.25074482333892023,0.3530923009538079,0.18205181864175232
AVP1481,RDVSDFTDSVRDPKTSEILD,0.0,0.5952202023292043,0.0,1.4880505058230107,0.0,0.0,0.2976101011646021,0.0,0.0,0.2976101011646021,0.2976101011646021,0.2976101011646021,0.0,0.2976101011646021,0.2976101011646021,0.8928303034938064,0.5952202023292043,0.0,0.0,0.5952202023292043,0.2563872863640381,0.3292338740932241,0.11676873837813571
AP02663,GEGFLGMLLHGVGHAIHGLIHGK,0.34445073846032576,0.0,0.0,0.0,0.0,0.0,0.34445073846032576,2.41115516922228,1.377802953841303,0.6889014769206515,1.377802953841303,0.34445073846032576,0.34445073846032576,0.34445073846032576,0.0,0.0,0.0,0.0,0.0,0.34445073846032576,0.25335593719516925,0.19614866423334662,0.2060446601111584
AP00764,GLRSKIWLWVLLMIWQESNKFKKM,0.0,0.27101133068732597,0.27101133068732597,0.0,0.0,0.27101133068732597,0.27101133068732597,0.27101133068732597,0.0,0.5420226613746519,1.0840453227493039,1.0840453227493039,0.5420226613746519,0.27101133068732597,0.0,0.5420226613746519,0.0,0.8130339920619779,0.0,0.27101133068732597,0.2584394220143969,0.22293650263221304,0.2476127446660641
AVP0552,GNHILSLVQNAPYGLYFIHFSW,0.3891795956715814,0.0,0.7783591913431628,0.0,0.0,0.3891795956715814,0.0,0.7783591913431628,0.7783591913431628,0.7783591913431628,1.1675387870147442,0.0,0.0,0.7783591913431628,0.3891795956715814,0.7783591913431628,0.0,0.3891795956715814,0.7783591913431628,0.3891795956715814,0.22941192815791936,0.22796479074537057,0.15344368542512868
AVP1880,IQKEIDRLNEVAKNLNESLIDLQELGKYEQYIKWPW,0.2738309208361548,0.2738309208361548,0.8214927625084644,0.5476618416723096,0.0,0.8214927625084644,1.369154604180774,0.2738309208361548,0.0,1.0953236833446192,1.369154604180774,1.0953236833446192,0.0,0.0,0.2738309208361548,0.2738309208361548,0.0,0.5476618416723096,0.5476618416723096,0.2738309208361548,0.27774806023574833,0.29247535014443105,0.15594566878366578
AVP1837,KGIYQTSNFRVVPSGDVVRF,0.0,0.5256978329721244,0.2628489164860622,0.2628489164860622,0.0,0.2628489164860622,0.0,0.5256978329721244,0.0,0.2628489164860622,0.0,0.2628489164860622,0.0,0.5256978329721244,0.2628489164860622,0.5256978329721244,0.2628489164860622,0.0,0.2628489164860622,1.0513956659442487,0.2792286795366727,0.26346175505378455,0.19446064892348047
AP00166,GWGSFFKKAAHVGKHVGKAALTHYL,1.0749044703554165,0.0,0.0,0.0,0.0,0.0,0.0,1.0749044703554165,0.8061783527665625,0.0,0.5374522351777082,1.0749044703554165,0.0,0.5374522351777082,0.0,0.2687261175888541,0.2687261175888541,0.2687261175888541,0.2687261175888541,0.5374522351777082,0.23219049995091148,0.3016671508056665,0.19741623165456793
AVP1477,FKLPLGINITNFRAILTAFS,0.6147650681935378,0.3073825340967689,0.6147650681935378,0.0,0.0,0.0,0.0,0.3073825340967689,0.0,0.9221476022903068,0.9221476022903068,0.3073825340967689,0.0,0.9221476022903068,0.3073825340967689,0.3073825340967689,0.6147650681935378,0.0,0.0,0.0,0.29254483908532547,0.18637433449203245,0.2136982923258731
AP01022,GVIPCGESCVFIPCISAAIGCSCKNKVCYRN,0.7765723597390672,0.3882861798695336,0.7765723597390672,0.0,2.3297170792172017,0.0,0.3882861798695336,1.1648585396086009,0.0,1.5531447194781345,0.0,0.7765723597390672,0.0,0.3882861798695336,0.7765723597390672,1.1648585396086009,0.0,0.0,0.3882861798695336,1.1648585396086009,0.18988180191370135,0.18027248304871626,0.2415595351680487
AVP1838,KSNVVRGWVFGSTMNNKSQS,0.0,0.2813730542542759,0.8441191627628276,0.0,0.0,0.2813730542542759,0.0,0.5627461085085518,0.0,0.0,0.0,0.5627461085085518,0.2813730542542759,0.2813730542542759,0.0,1.1254922170171036,0.2813730542542759,0.2813730542542759,0.0,0.8441191627628276,0.24382682802351965,0.19580153384185853,0.27899858388034593
AVP1723,GGASCCLYCRCH,0.37799517599668647,0.37799517599668647,0.0,0.0,1.5119807039867459,0.0,0.0,0.7559903519933729,0.37799517599668647,0.0,0.37799517599668647,0.0,0.0,0.0,0.0,0.37799517599668647,0.0,0.0,0.37799517599668647,0.0,0.2084432771654768,0.177626314927025,0.23593523191081173
AVP1863,VYDPLQPELDSFKEELDKYFKNHTSPDVDLGDISGINASVV,0.33318595888175395,0.0,0.6663719177635079,1.9991157532905237,0.0,0.33318595888175395,0.9995578766452619,0.6663719177635079,0.33318595888175395,0.6663719177635079,1.3327438355270158,0.9995578766452619,0.0,0.6663719177635079,0.9995578766452619,1.3327438355270158,0.33318595888175395,0.0,0.6663719177635079,1.3327438355270158,0.2531775812723432,0.239929919008717,0.17370654083718598
AVP2053,LFGLIPSLIGGLVSAFK,0.4117762171314627,0.0,0.0,0.0,0.0,0.0,0.0,1.235328651394388,0.0,0.8235524342629253,1.6471048685258507,0.4117762171314627,0.0,0.8235524342629253,0.4117762171314627,0.8235524342629253,0.0,0.0,0.0,0.4117762171314627,0.2155868939731184,0.24685610551966564,0.12578078337575338
AVP2055,SLIGGLVSAFK,0.38001302907985246,0.0,0.0,0.0,0.0,0.0,0.0,0.7600260581597049,0.0,0.38001302907985246,0.7600260581597049,0.38001302907985246,0.0,0.38001302907985246,0.0,0.7600260581597049,0.0,0.0,0.0,0.38001302907985246,0.2139666169286859,0.26625236257095997,0.13976799142050159
AVP1726,PTTCANDP,0.5620230850055904,0.0,0.5620230850055904,0.5620230850055904,0.5620230850055904,0.0,0.0,0.0,0.0,0.0,0.0,0.0,0.0,0.0,1.1240461700111808,0.0,1.1240461700111808,0.0,0.0,0.0,0.12934720990084622,0.15889287919178788,0.14973682590177548
AP00549,GFGCNGPWDEDDMQCHNHCKSIKGYKGGYCAKGGFVCKCY,0.2959595327920771,0.0,0.5919190655841542,0.8878785983762313,1.7757571967524626,0.2959595327920771,0.2959595327920771,2.3676762623366168,0.5919190655841542,0.2959595327920771,0.0,1.4797976639603856,0.2959595327920771,0.5919190655841542,0.2959595327920771,0.2959595327920771,0.0,0.2959595327920771,0.8878785983762313,0.2959595327920771,0.25586283645316227,0.2575077686869045,0.19066986206785622
AVP1890,FKNHTSPDVDLGDISGINASVVNIQKEIDRLNEVAKNLNESLIDLQELGKYE,0.6476513205110271,0.32382566025551357,1.9429539615330813,1.6191283012775677,0.0,0.6476513205110271,1.6191283012775677,0.9714769807665407,0.32382566025551357,1.6191283012775677,1.9429539615330813,1.2953026410220543,0.0,0.32382566025551357,0.32382566025551357,1.2953026410220543,0.32382566025551357,0.0,0.32382566025551357,1.2953026410220543,0.2652504977476779,0.261636768099225,0.1492870738975836
AP00222,VTCYCRRTRCGFRERLSGACGYRGRIYRLCCR,0.20238715325358844,1.8214843792822961,0.0,0.0,1.2143229195215308,0.0,0.20238715325358844,0.8095486130143538,0.0,0.20238715325358844,0.4047743065071769,0.0,0.0,0.20238715325358844,0.0,0.20238715325358844,0.4047743065071769,0.0,0.6071614597607654,0.20238715325358844,0.26776452018456687,0.24412552961168804,0.28572279695015657
AP00181,AFTCHCRRSCYSTEYSYGTCTVMGINHRFCCL,0.31067439466486285,0.9320231839945886,0.31067439466486285,0.0,1.8640463679891772,0.0,0.31067439466486285,0.6213487893297257,0.6213487893297257,0.31067439466486285,0.31067439466486285,0.0,0.31067439466486285,0.6213487893297257,0.0,0.9320231839945886,1.2426975786594514,0.0,0.9320231839945886,0.31067439466486285,0.22436530132282304,0.2037960284279694,0.2611642755843447
AVP1873,GINASVVNIQKEIDRLNEVAKNLNESLIDLQELGK,0.632074838205727,0.3160374191028635,1.5801870955143174,0.632074838205727,0.0,0.632074838205727,1.264149676411454,0.632074838205727,0.0,1.264149676411454,1.5801870955143174,0.9481122573085904,0.0,0.0,0.0,0.632074838205727,0.0,0.0,0.0,0.9481122573085904,0.2500613093281736,0.2930609246723405,0.14084034689662256
AP01061,KIPCGESCVWIPCVTSIFNCKCKENKVCYHD,0.0,0.0,0.7174146060778827,0.3587073030389413,2.152243818233648,0.0,0.7174146060778827,0.3587073030389413,0.3587073030389413,1.076121909116824,0.0,1.4348292121557653,0.0,0.3587073030389413,0.7174146060778827,0.7174146060778827,0.3587073030389413,0.3587073030389413,0.3587073030389413,1.076121909116824,0.21084478287638203,0.20064815892358162,0.22979975516109497
AP00036,DFASCHTNGGICLPNRCPGHMIQIGICFRPRVKCCRSW,0.28926805684334345,1.1570722273733738,0.5785361136866869,0.28926805684334345,1.7356083410600607,0.28926805684334345,0.0,1.1570722273733738,0.5785361136866869,1.1570722273733738,0.28926805684334345,0.28926805684334345,0.28926805684334345,0.5785361136866869,0.8678041705300303,0.5785361136866869,0.28926805684334345,0.28926805684334345,0.0,0.28926805684334345,0.2625019507046948,0.19115948963546397,0.25707050281649785
AVP1895,ELDSFKEELDKYFKNHTSPDVDLGDISGINASVVNIQKEIDRLNEVAKNLNESLIDLQEL,0.635981132445204,0.317990566222602,1.9079433973356121,2.225933963558214,0.0,0.635981132445204,2.225933963558214,0.635981132445204,0.317990566222602,1.58995283111301,2.543924529780816,1.58995283111301,0.0,0.635981132445204,0.317990566222602,1.58995283111301,0.317990566222602,0.0,0.317990566222602,1.271962264890408,0.25738611167011827,0.26872256713757875,0.15590075496970093
AVP1584,GINASVVNIQKEIDRLNEVAKNLNESLIDL,0.6415135954506247,0.32075679772531235,1.6037839886265617,0.6415135954506247,0.0,0.32075679772531235,0.962270393175937,0.32075679772531235,0.0,1.2830271909012494,1.2830271909012494,0.6415135954506247,0.0,0.0,0.0,0.6415135954506247,0.0,0.0,0.0,0.962270393175937,0.24618367402195385,0.28725079432783407,0.14580873392489974
AP00846,KYYGNGVSCNKKGCSVDWGKAIGIIGNNSAANLATGGAAGWKS,1.8961070708411152,0.0,1.5800892257009294,0.3160178451401859,0.6320356902803718,0.0,0.0,2.844160606261673,0.0,0.9480535354205576,0.3160178451401859,1.5800892257009294,0.0,0.0,0.0,1.2640713805607435,0.3160178451401859,0.6320356902803718,0.6320356902803718,0.6320356902803718,0.23536268196986343,0.22978894503878783,0.2188305278511629
AVP1716,TLKPIFKLPLGINITNFR,0.0,0.3051843164807951,0.6103686329615902,0.0,0.0,0.0,0.0,0.3051843164807951,0.0,0.9155529494423853,0.9155529494423853,0.6103686329615902,0.0,0.6103686329615902,0.6103686329615902,0.0,0.6103686329615902,0.0,0.0,0.0,0.28080413299289797,0.20338681347405754,0.21062473705224943
AP00692,GWFKKAWRKVKNAGRRVLKGVGIHYGVGLI,0.41670368397581437,0.6250555259637215,0.20835184198790718,0.0,0.0,0.0,0.0,1.250111051927443,0.20835184198790718,0.41670368397581437,0.41670368397581437,1.0417592099395359,0.0,0.20835184198790718,0.0,0.0,0.0,0.41670368397581437,0.20835184198790718,0.8334073679516287,0.2354160974803815,0.3213040869872207,0.2349279735444907
AVP1842,YNYKYRYLRHGKLRPFERDI,0.0,0.8416610548695302,0.21041526371738256,0.21041526371738256,0.0,0.0,0.21041526371738256,0.21041526371738256,0.21041526371738256,0.21041526371738256,0.4208305274347651,0.4208305274347651,0.0,0.21041526371738256,0.21041526371738256,0.0,0.0,0.0,0.8416610548695302,0.0,0.3141658781207905,0.24878067903932258,0.2266381791225044
AVP1865,SFKEELDKYFKNHTSPDVDLGDISGINASVVNIQKEIDRLNE,0.3160825463014737,0.3160825463014737,1.2643301852058948,1.5804127315073684,0.0,0.3160825463014737,1.2643301852058948,0.6321650926029474,0.3160825463014737,1.2643301852058948,0.948247638904421,1.2643301852058948,0.0,0.6321650926029474,0.3160825463014737,1.2643301852058948,0.3160825463014737,0.0,0.3160825463014737,0.948247638904421,0.2539388113299001,0.26240800292426764,0.16757063944435863
AP00742,SPIHACRYQRGVCIPGPCRWPYYRVGSCGSGLKSCCVRNRWA,0.515019744168212,1.545059232504636,0.257509872084106,0.0,1.545059232504636,0.257509872084106,0.0,1.28754936042053,0.257509872084106,0.515019744168212,0.257509872084106,0.257509872084106,0.0,0.0,1.030039488336424,1.030039488336424,0.0,0.515019744168212,0.772529616252318,0.772529616252318,0.258165328925514,0.24419020149878623,0.24013459749159366
AVP1839,TDAVDCSQNPLAELKCSVKSF,0.7014105311953288,0.0,0.3507052655976644,0.7014105311953288,0.7014105311953288,0.3507052655976644,0.3507052655976644,0.0,0.0,0.0,0.7014105311953288,0.7014105311953288,0.0,0.3507052655976644,0.3507052655976644,1.0521157967929933,0.3507052655976644,0.0,0.0,0.7014105311953288,0.2635681684788778,0.20068147832274497,0.1850450876007128
AVP1859,FNKAISQIQESLTTTSTALGKLQDVVNQNAQALNTLVKQL,1.4885983890167003,0.0,1.4885983890167003,0.37214959725417507,0.0,2.2328975835250504,0.37214959725417507,0.37214959725417507,0.0,0.7442991945083501,2.2328975835250504,1.1164487917625252,0.0,0.37214959725417507,0.0,1.1164487917625252,1.8607479862708753,0.0,0.0,1.1164487917625252,0.2094861004937214,0.2535641776450593,0.16480012460704416
AVP1870,ISGINASVVNIQKEIDRLNEVAKNLNESLIDLQELGKYEQYIKWPW,0.6033643926068671,0.30168219630343357,1.5084109815171678,0.6033643926068671,0.0,0.9050465889103007,1.5084109815171678,0.6033643926068671,0.0,1.8100931778206013,1.5084109815171678,1.2067287852137343,0.0,0.0,0.30168219630343357,0.9050465889103007,0.0,0.6033643926068671,0.6033643926068671,0.9050465889103007,0.27036475132121174,0.27519470616760544,0.15275834620774917
AP00641,GFFALIPKIISSPLFKTLLSAVGSALSSSGEQE,1.1681423114597298,0.0,0.0,0.0,0.0,0.3893807704865766,0.7787615409731532,1.1681423114597298,0.0,1.1681423114597298,1.946903852432883,0.7787615409731532,0.0,1.1681423114597298,0.7787615409731532,2.7256653934060364,0.3893807704865766,0.0,0.0,0.3893807704865766,0.18434128366249455,0.24597993433801382,0.18029801151291497
AP00730,GSVLNCGETCLLGTCYTTGCTCNKYRVCTKD,0.0,0.37080242031043636,0.7416048406208727,0.37080242031043636,2.2248145218626183,0.0,0.37080242031043636,1.4832096812417455,0.0,0.0,1.1124072609313091,0.7416048406208727,0.0,0.0,0.0,0.37080242031043636,2.2248145218626183,0.0,0.7416048406208727,0.7416048406208727,0.19223622879539043,0.19508242839396878,0.2418789225002042
AVP1721,YENQKQIANQFNKAISQIQESLTTTSTALGKLQDVVNQNAQALNTLVKQLSSNFGAISSV,2.2580071702335895,0.0,2.634341698605854,0.3763345283722649,0.0,3.387010755350384,0.7526690567445298,0.7526690567445298,0.0,1.5053381134890595,2.2580071702335895,1.5053381134890595,0.0,0.7526690567445298,0.0,2.634341698605854,1.8816726418613245,0.0,0.3763345283722649,1.5053381134890595,0.20242072801169864,0.24939895433275086,0.1718457892832855
AVP1764,FKPSSPPSITLW,0.0,0.0,0.0,0.0,0.0,0.0,0.0,0.0,0.0,0.4433874073099495,0.4433874073099495,0.4433874073099495,0.0,0.4433874073099495,1.3301622219298486,1.3301622219298486,0.4433874073099495,0.4433874073099495,0.0,0.0,0.2139916518554922,0.16027431666745937,0.1823466241670989
AVP1889,LDKYFKNHTSPDVDLGDISGINASVVNIQKEIDRLNEVAKNLNESLIDLQELGKYE,0.627307069140333,0.3136535345701665,1.881921207420999,1.881921207420999,0.0,0.627307069140333,1.5682676728508325,0.9409606037104995,0.3136535345701665,1.5682676728508325,2.1955747419911655,1.5682676728508325,0.0,0.3136535345701665,0.3136535345701665,1.254614138280666,0.3136535345701665,0.0,0.627307069140333,1.254614138280666,0.2571713302278241,0.27704186700401395,0.15213326819799544
AVP1482,YQDVNCTDVSTAIHADQLTP,0.8172756077341413,0.0,0.40863780386707066,1.225913411601212,0.40863780386707066,0.8172756077341413,0.0,0.0,0.40863780386707066,0.40863780386707066,0.40863780386707066,0.0,0.0,0.0,0.40863780386707066,0.40863780386707066,1.225913411601212,0.0,0.40863780386707066,0.8172756077341413,0.21240027194357247,0.218478618970289,0.16048330521906798
AVP1480,PALNCYWPLNDYGFYTTSGI,0.3378408780413129,0.0,0.6756817560826258,0.3378408780413129,0.3378408780413129,0.0,0.0,0.6756817560826258,0.0,0.3378408780413129,0.6756817560826258,0.0,0.0,0.3378408780413129,0.6756817560826258,0.3378408780413129,0.6756817560826258,0.3378408780413129,1.0135226341239387,0.0,0.20869557774998473,0.23489889066449193,0.21856465354421062
AVP1770,ALNCYWPLNDYGFYTTTGIGYQPYRVVVLSFEL,0.310303386600656,0.310303386600656,0.620606773201312,0.310303386600656,0.310303386600656,0.310303386600656,0.310303386600656,0.930910159801968,0.0,0.310303386600656,1.241213546402624,0.0,0.0,0.620606773201312,0.620606773201312,0.310303386600656,0.930910159801968,0.310303386600656,1.55151693300328,0.930910159801968,0.2505888729990319,0.21949194445053277,0.21961579594977937
AVP1892,VDLGDISGINASVVNIQKEIDRLNEVAKNLNESLIDLQELGKYE,0.6273672029846192,0.3136836014923096,1.568418007461548,1.2547344059692385,0.0,0.6273672029846192,1.568418007461548,0.9410508044769288,0.0,1.568418007461548,1.8821016089538576,0.9410508044769288,0.0,0.0,0.0,0.9410508044769288,0.0,0.0,0.3136836014923096,1.2547344059692385,0.2688416651401422,0.2804801762535527,0.1369945571139955
AVP1724,DLKGKYVQIP,0.0,0.0,0.0,0.26634993562387477,0.0,0.26634993562387477,0.0,0.26634993562387477,0.0,0.26634993562387477,0.26634993562387477,0.5326998712477495,0.0,0.0,0.26634993562387477,0.0,0.0,0.0,0.26634993562387477,0.26634993562387477,0.32422303023078564,0.17654618299711747,0.23288085114822216
AP02830,VSFPWSCAALSGVCRQGACLPSELYFGPLGCGKGSLCCVSYFL,1.0469698745247469,0.34898995817491557,0.0,0.0,2.0939397490494938,0.34898995817491557,0.34898995817491557,2.0939397490494938,0.0,0.0,2.0939397490494938,0.34898995817491557,0.0,1.0469698745247469,1.0469698745247469,2.0939397490494938,0.0,0.34898995817491557,0.6979799163498311,1.0469698745247469,0.20273287525726275,0.20677977350805674,0.24149739305976492
AVP1705,ISGINASVVNIQEEIKKLNEEAKKLNESLIDLQEL,0.6888841896869983,0.0,1.3777683793739965,0.34444209484349914,0.0,0.6888841896869983,2.0666525690609947,0.34444209484349914,0.0,1.7222104742174957,1.7222104742174957,1.3777683793739965,0.0,0.0,0.0,1.0333262845304974,0.0,0.0,0.0,0.6888841896869983,0.24778562139066646,0.26840063395134056,0.139371649814494
AVP1875,INASVVNIQKEIDRLNEVAKNLNESLIDLQELGKYEQYI,0.61688032506334,0.30844016253167,1.54220081265835,0.61688032506334,0.0,0.92532048759501,1.54220081265835,0.30844016253167,0.0,1.54220081265835,1.54220081265835,0.92532048759501,0.0,0.0,0.0,0.61688032506334,0.0,0.0,0.61688032506334,0.92532048759501,0.2490951770128608,0.28914046833059137,0.1533241921248778
AVP1841,YKGYQPIDVVRDLPSGFNTL,0.0,0.2834206732584648,0.2834206732584648,0.5668413465169296,0.0,0.2834206732584648,0.0,0.5668413465169296,0.0,0.2834206732584648,0.5668413465169296,0.2834206732584648,0.0,0.2834206732584648,0.5668413465169296,0.2834206732584648,0.2834206732584648,0.0,0.5668413465169296,0.5668413465169296,0.26669702700515596,0.3142044810302338,0.13567781870614543
AVP1485,GIGVTQNVLYENQKQIANQF,0.36270152121114957,0.0,1.0881045636334488,0.0,0.0,1.4508060848445983,0.36270152121114957,0.7254030424222991,0.0,0.7254030424222991,0.36270152121114957,0.36270152121114957,0.0,0.36270152121114957,0.0,0.0,0.36270152121114957,0.0,0.36270152121114957,0.7254030424222991,0.1646383775733849,0.2340844502026343,0.2385756510128313
AP01644,GAFGNFLKGVAKKAGLKILSIAQCKLSGTC,1.1791525057581083,0.0,0.29478812643952707,0.0,0.5895762528790541,0.29478812643952707,0.0,1.4739406321976354,0.0,0.5895762528790541,1.1791525057581083,1.4739406321976354,0.0,0.5895762528790541,0.0,0.5895762528790541,0.29478812643952707,0.0,0.0,0.29478812643952707,0.23316086852637083,0.2526551900721708,0.2193958149619314
AVP1879,VVNIQKEIDRLNEVAKNLNESLIDLQELGK,0.2998715590641721,0.2998715590641721,1.1994862362566885,0.5997431181283442,0.0,0.5997431181283442,1.1994862362566885,0.2998715590641721,0.0,0.8996146771925164,1.4993577953208606,0.8996146771925164,0.0,0.0,0.0,0.2998715590641721,0.0,0.0,0.0,0.8996146771925164,0.25141776613579575,0.3082994960477408,0.14041117875229125
AVP1867,FKNHTSPDVDLGDISGINASVVNIQKEIDRLNEVAKNLNES,0.6784819476708698,0.3392409738354349,2.0354458430126092,1.3569638953417396,0.0,0.3392409738354349,1.0177229215063046,0.6784819476708698,0.3392409738354349,1.3569638953417396,1.0177229215063046,1.0177229215063046,0.0,0.3392409738354349,0.3392409738354349,1.3569638953417396,0.3392409738354349,0.0,0.0,1.3569638953417396,0.2593168243024795,0.2568903734783726,0.144551828383713
AP00275,GVIPCGESCVFIPCISTLLGCSCKNKVCYRN,0.0,0.3892528691024697,0.7785057382049394,0.0,2.335517214614818,0.0,0.3892528691024697,1.167758607307409,0.0,1.167758607307409,0.7785057382049394,0.7785057382049394,0.0,0.3892528691024697,0.7785057382049394,1.167758607307409,0.3892528691024697,0.0,0.3892528691024697,1.167758607307409,0.18640429419859425,0.189834197943699,0.234508638755237
AVP1888,PKEELDKYFKNHTSPDVDLGDISGINASVVNIQKEIDRLNEVAKNLNESLIDLQELGKYE,0.6335956322692611,0.31679781613463054,1.9007868968077832,1.9007868968077832,0.0,0.6335956322692611,2.2175847129424135,0.9503934484038916,0.31679781613463054,1.5839890806731527,2.2175847129424135,1.9007868968077832,0.0,0.31679781613463054,0.6335956322692611,1.2671912645385222,0.31679781613463054,0.0,0.6335956322692611,1.2671912645385222,0.2544707701498547,0.2717967972008646,0.1569346165146503
AP02733,LFGSVKAWFKGAKKGFQDYRYQKDMAKMNKRYGPNWQQRGGQEPPADAQANDQPP,1.547618612039854,0.773809306019927,0.773809306019927,1.0317457413599027,0.0,1.8055550473798299,0.2579364353399757,1.547618612039854,0.0,0.0,0.2579364353399757,1.8055550473798299,0.5158728706799514,0.773809306019927,1.2896821766998785,0.2579364353399757,0.0,0.5158728706799514,0.773809306019927,0.2579364353399757,0.2350691700113639,0.2635565639286468,0.2434378307200136
AVP1891,TSPDVDLGDISGINASVVNIQKEIDRLNEVAKNLNESLIDLQELGKYE,0.6411884038843424,0.3205942019421712,1.602971009710856,1.602971009710856,0.0,0.6411884038843424,1.602971009710856,0.9617826058265136,0.0,1.602971009710856,1.9235652116530273,0.9617826058265136,0.0,0.0,0.3205942019421712,1.2823768077686848,0.3205942019421712,0.0,0.3205942019421712,1.2823768077686848,0.2648026816295328,0.2665429518031899,0.1480601646251062
AVP0548,GYHLMSFPQAAPHGVVFLHVTW,0.8196324492989403,0.0,0.0,0.0,0.0,0.40981622464947015,0.0,0.8196324492989403,1.2294486739484105,0.0,0.8196324492989403,0.0,0.40981622464947015,0.8196324492989403,0.8196324492989403,0.40981622464947015,0.40981622464947015,0.40981622464947015,0.40981622464947015,1.2294486739484105,0.22030683842706178,0.18182800949858338,0.18804892742488455
AVP1874,INASVVNIQKEIDRLNEVAKNLNESLIDLQELGKYEQYIKWPW,0.5893130827207832,0.2946565413603916,1.473282706801958,0.5893130827207832,0.0,0.8839696240811749,1.473282706801958,0.2946565413603916,0.0,1.473282706801958,1.473282706801958,1.1786261654415664,0.0,0.0,0.2946565413603916,0.5893130827207832,0.0,0.5893130827207832,0.5893130827207832,0.8839696240811749,0.2723916717156787,0.27402742104020966,0.15892436588372014
AP00532,KTCENLADTFRGPCFATSNC,0.6292455610202731,0.31462278051013653,0.6292455610202731,0.31462278051013653,0.9438683415304097,0.0,0.31462278051013653,0.31462278051013653,0.0,0.0,0.31462278051013653,0.31462278051013653,0.0,0.6292455610202731,0.31462278051013653,0.31462278051013653,0.9438683415304097,0.0,0.0,0.0,0.2324495994722536,0.26087864314574544,0.19204897687186434
AVP1725,NCVKMLCTHTGTGQAITVTP,0.4586109317619625,0.0,0.4586109317619625,0.0,0.917221863523925,0.4586109317619625,0.0,0.917221863523925,0.4586109317619625,0.4586109317619625,0.4586109317619625,0.4586109317619625,0.4586109317619625,0.0,0.4586109317619625,0.0,2.2930546588098126,0.0,0.0,0.917221863523925,0.19821572569813725,0.1815472730678302,0.1616260694720702
AP00340,FFGWLIRGAIHAGKAIHGLIHRRRH,0.736034315521435,0.9813790873619133,0.0,0.0,0.0,0.0,0.0,0.9813790873619133,0.9813790873619133,0.9813790873619133,0.49068954368095663,0.24534477184047832,0.0,0.49068954368095663,0.0,0.0,0.0,0.24534477184047832,0.0,0.0,0.22962915116269592,0.27045490632692226,0.2545711706699034
AVP1917,GRLQSLQTYVTQQLIRAAEIRASANLAATKMSEC,1.769869028414786,0.884934514207393,0.29497817140246435,0.0,0.29497817140246435,1.1799126856098574,0.5899563428049287,0.29497817140246435,0.0,0.5899563428049287,1.1799126856098574,0.29497817140246435,0.29497817140246435,0.0,0.0,0.884934514207393,0.884934514207393,0.0,0.29497817140246435,0.29497817140246435,0.2898562518606281,0.21460063815212652,0.20056493858478103
AVP1896,ELDSPKEELDKYFKNHTSPDVDLGDISGINASVVNIQKEIDRLNEVAKNLNESLID,0.6529731677719236,0.3264865838859618,1.958919503315771,2.2854060872017326,0.0,0.3264865838859618,1.958919503315771,0.6529731677719236,0.3264865838859618,1.632432919429809,1.958919503315771,1.632432919429809,0.0,0.3264865838859618,0.6529731677719236,1.632432919429809,0.3264865838859618,0.0,0.3264865838859618,1.3059463355438472,0.24675472315202024,0.2666637386529794,0.16009495430903856
AVP1881,IDRLNEVAKNLNESLIDLQELGKYEQYIKWPW,0.27350261079303684,0.27350261079303684,0.8205078323791105,0.5470052215860737,0.0,0.5470052215860737,1.0940104431721474,0.27350261079303684,0.0,0.8205078323791105,1.3675130539651843,0.8205078323791105,0.0,0.0,0.27350261079303684,0.27350261079303684,0.0,0.5470052215860737,0.5470052215860737,0.27350261079303684,0.28796585882020515,0.2902271823892687,0.14830434799748923
AVP1707,IEEINKKVEEIQKKIEELNKKAEELNKKLEELQKK,0.29950193422112087,0.0,0.8985058026633627,0.0,0.0,0.5990038684422417,2.995019342211209,0.0,0.0,1.1980077368844835,1.1980077368844835,2.995019342211209,0.0,0.0,0.0,0.0,0.0,0.0,0.0,0.29950193422112087,0.23868109068122662,0.3177230570367726,0.14409391806087993
AP00225,ACYCRIGACVSGERLTGACGLNGRIYRLCCR,0.7464967170242008,1.2441611950403346,0.24883223900806695,0.0,1.4929934340484017,0.0,0.24883223900806695,1.2441611950403346,0.0,0.4976644780161339,0.7464967170242008,0.0,0.0,0.0,0.0,0.24883223900806695,0.24883223900806695,0.0,0.4976644780161339,0.24883223900806695,0.2546841875268852,0.2558816890747979,0.24060188439025004
AVP1898,AYRFNGIQVTQNVLYENQKQIANQFNKAISQIQESLTTTSTALGKLQDVVNQNAQALNTLVKQLSSNFGAISSVLNDILSRLDKVEAEVQIDRLIT,2.598113462066462,0.9742925482749233,3.247641827583078,1.299056731033231,0.0,3.897170193099693,1.299056731033231,0.9742925482749233,0.0,2.598113462066462,3.5724060103413855,1.623820913791539,0.0,0.9742925482749233,0.0,2.598113462066462,2.2733492793081544,0.0,0.6495283655166155,2.598113462066462,0.2308219386779681,0.2502953670692061,0.19411851149451814
AP00160,ALWMTLLKKVLKAAAKAALNAVLVGANA,2.9642591178439246,0.0,0.658724248409761,0.0,0.0,0.0,0.0,0.3293621242048805,0.0,0.0,1.976172745229283,1.317448496819522,0.3293621242048805,0.0,0.0,0.0,0.3293621242048805,0.3293621242048805,0.0,0.9880863726146415,0.1952358929656832,0.28176601927056066,0.19363596355887555
AVP0810,RHEIKDSGLLDYTEV,0.0,0.28280078837081285,0.0,0.5656015767416257,0.0,0.0,0.5656015767416257,0.28280078837081285,0.28280078837081285,0.28280078837081285,0.5656015767416257,0.28280078837081285,0.0,0.0,0.0,0.28280078837081285,0.28280078837081285,0.0,0.28280078837081285,0.28280078837081285,0.24917622110269672,0.21519424742272594,0.2528287431037645
AVP0218,ACFPWGNQWCGGK,0.2373859241990145,0.0,0.2373859241990145,0.0,0.474771848398029,0.2373859241990145,0.0,0.7121577725970435,0.0,0.0,0.0,0.2373859241990145,0.0,0.2373859241990145,0.2373859241990145,0.0,0.0,0.474771848398029,0.0,0.0,0.22411839118262306,0.23893376682987041,0.29956191778849206
AVP1308,AIRDTNKAVQSVQSSIGNLIVAIKSVQDYVNKEIV,0.9619406974357028,0.32064689914523425,0.9619406974357028,0.6412937982904685,0.0,0.9619406974357028,0.32064689914523425,0.32064689914523425,0.0,1.6032344957261713,0.32064689914523425,0.9619406974357028,0.0,0.0,0.0,1.282587596580937,0.32064689914523425,0.0,0.32064689914523425,1.9238813948714055,0.21017601277870243,0.29422914332972805,0.1749479447463353
AVP0717,PVPFEEVIDKINAKG,0.2668334950240387,0.0,0.2668334950240387,0.2668334950240387,0.0,0.0,0.5336669900480774,0.2668334950240387,0.0,0.5336669900480774,0.0,0.5336669900480774,0.0,0.2668334950240387,0.5336669900480774,0.0,0.0,0.0,0.0,0.5336669900480774,0.24160789585812711,0.24361190901050972,0.24794670010732456
AVP0480,CLTDRHRTC,0.0,0.5404572670128388,0.0,0.2702286335064194,0.5404572670128388,0.0,0.0,0.0,0.2702286335064194,0.0,0.2702286335064194,0.0,0.0,0.0,0.0,0.0,0.5404572670128388,0.0,0.0,0.0,0.19224758401698946,0.237475525824887,0.30004825665170415
AP01701,MKTFSVAVAVAIVLAFICTQESSALPVTGVEELVELVSSDDPVADHQELPVELGERLFNIRKKRASPKCTPYCYPTRDGVFCGVRCDF,2.2626253671658714,1.616160976547051,0.3232321953094102,1.616160976547051,1.616160976547051,0.6464643906188204,2.2626253671658714,1.2929287812376409,0.3232321953094102,0.9696965859282306,2.2626253671658714,1.2929287812376409,0.3232321953094102,1.616160976547051,1.9393931718564612,1.9393931718564612,1.616160976547051,0.0,0.6464643906188204,3.8787863437129224,0.21276141203636265,0.22859018294330716,0.23541620971092012
AVP0283,KKKKVLLPFLFFF,0.0,0.0,0.0,0.0,0.0,0.0,0.0,0.0,0.0,0.0,1.2611307020843967,1.6815076027791955,0.0,1.6815076027791955,0.4203769006947989,0.0,0.0,0.0,0.0,0.4203769006947989,0.11482227963492027,0.1772267044747551,0.2875741151955257
AVP1522,SVSVGTKPRPRP,0.0,0.6160978553445005,0.0,0.0,0.0,0.0,0.0,0.30804892767225023,0.0,0.0,0.0,0.30804892767225023,0.0,0.0,0.9241467830167508,0.6160978553445005,0.30804892767225023,0.0,0.0,0.6160978553445005,0.30462463434995685,0.07243144248158086,0.31489499549621214
AVP1475,VGNWAKVLVVLLLFAGVD,0.6736527405515919,0.0,0.3368263702757959,0.3368263702757959,0.0,0.0,0.0,0.6736527405515919,0.0,0.0,1.3473054811031837,0.3368263702757959,0.0,0.3368263702757959,0.0,0.0,0.0,0.3368263702757959,0.0,1.6841318513789796,0.2282312100498208,0.2590292782356355,0.17591314143874795
AVP1280,GVATSAQITAAVALVEAKQARSDIEKLKEAIRDTN,2.582669770409665,0.6456674426024163,0.32283372130120813,0.6456674426024163,0.0,0.6456674426024163,0.9685011639036245,0.32283372130120813,0.0,0.9685011639036245,0.6456674426024163,0.9685011639036245,0.0,0.0,0.0,0.6456674426024163,0.9685011639036245,0.0,0.0,0.9685011639036245,0.26298416697978055,0.22832794652851188,0.18585416519049955
AP01060,GIPCGESCVFIPCITSVAGCSCKSKVCYRN,0.3912749074784669,0.3912749074784669,0.3912749074784669,0.0,2.347649444870801,0.0,0.3912749074784669,1.1738247224354006,0.0,1.1738247224354006,0.0,0.7825498149569338,0.0,0.3912749074784669,0.7825498149569338,1.5650996299138675,0.3912749074784669,0.0,0.3912749074784669,1.1738247224354006,0.20027991846175758,0.17749401900107947,0.23095115505869604
AVP0803,EEYAYSHQLSRADIT,0.5468420515623644,0.2734210257811822,0.0,0.2734210257811822,0.0,0.2734210257811822,0.5468420515623644,0.0,0.2734210257811822,0.2734210257811822,0.2734210257811822,0.0,0.0,0.0,0.0,0.5468420515623644,0.2734210257811822,0.0,0.5468420515623644,0.0,0.2871584617259807,0.18547060794138118,0.25394990455145583
AVP1648,CHPSKALQC,0.40558284683404944,0.0,0.0,0.0,0.8111656936680989,0.40558284683404944,0.0,0.0,0.40558284683404944,0.0,0.40558284683404944,0.40558284683404944,0.0,0.0,0.40558284683404944,0.40558284683404944,0.0,0.0,0.0,0.0,0.2189167105602764,0.24410443536813056,0.13139600723754344
AVP1291,VALVEAKQARSDIEKLKEAIRDTNKAVQSVQSSIG,1.518036950565187,0.6072147802260748,0.3036073901130374,0.6072147802260748,0.0,0.9108221703391122,0.9108221703391122,0.3036073901130374,0.0,0.9108221703391122,0.6072147802260748,1.2144295604521496,0.0,0.0,0.0,1.2144295604521496,0.3036073901130374,0.0,0.0,1.2144295604521496,0.27019817469311397,0.25741747444776397,0.16877696074608461
AVP1279,LGVATSAQITAAVALVEAKQARSDIEKLKEAIRDT,2.5936546845849358,0.6484136711462339,0.0,0.6484136711462339,0.0,0.6484136711462339,0.9726205067193509,0.32420683557311697,0.0,0.9726205067193509,0.9726205067193509,0.9726205067193509,0.0,0.0,0.0,0.6484136711462339,0.9726205067193509,0.0,0.0,0.9726205067193509,0.26903738053165754,0.2266783079057773,0.18007747598944818
AVP0921,CHPGSSSRC,0.0,0.3898222303036124,0.0,0.0,0.7796444606072248,0.0,0.0,0.3898222303036124,0.3898222303036124,0.0,0.0,0.0,0.0,0.0,0.3898222303036124,1.169466690910837,0.0,0.0,0.0,0.0,0.23991789036636074,0.18170942551842018,0.18855045381160668
AVP1979,WEDWVR,0.0,0.16745725055087618,0.0,0.16745725055087618,0.0,0.0,0.16745725055087618,0.0,0.0,0.0,0.0,0.0,0.0,0.0,0.0,0.0,0.0,0.33491450110175236,0.0,0.16745725055087618,0.31652540619977965,0.4045769160180628,0.11144042723128131
AVP0632,RRGRIGRNPSQVGD,0.0,0.9398515513351117,0.23496288783377792,0.23496288783377792,0.0,0.23496288783377792,0.0,0.7048886635013337,0.0,0.23496288783377792,0.0,0.0,0.0,0.0,0.23496288783377792,0.23496288783377792,0.0,0.0,0.0,0.23496288783377792,0.3072250923160125,0.3102059802085011,0.14760603964170838
AVP1939,TDVILMCFSIDSPASLENI,0.4021057286893019,0.0,0.4021057286893019,0.8042114573786038,0.4021057286893019,0.0,0.4021057286893019,0.0,0.0,1.2063171860679056,0.8042114573786038,0.0,0.4021057286893019,0.4021057286893019,0.4021057286893019,1.2063171860679056,0.4021057286893019,0.0,0.0,0.4021057286893019,0.21823305111609576,0.17651632967561018,0.20314489051899212
AVP0780,IAWCELQNHELTLWN,0.32761614723812954,0.0,0.6552322944762591,0.0,0.32761614723812954,0.32761614723812954,0.6552322944762591,0.0,0.32761614723812954,0.32761614723812954,0.9828484417143886,0.0,0.0,0.0,0.0,0.0,0.32761614723812954,0.6552322944762591,0.0,0.0,0.27845132500016856,0.20450514208118936,0.18942738568051268
AVP1534,YQSTCSAVSKGYLSALR,0.6430806478271387,0.32154032391356935,0.0,0.0,0.32154032391356935,0.32154032391356935,0.0,0.32154032391356935,0.0,0.0,0.6430806478271387,0.32154032391356935,0.0,0.0,0.0,1.2861612956542774,0.32154032391356935,0.0,0.6430806478271387,0.32154032391356935,0.21148217161441762,0.2455987802783293,0.22137872419368373
AVP0216,ACFPWGKEYCGGK,0.22626234171279794,0.0,0.0,0.0,0.4525246834255959,0.0,0.22626234171279794,0.6787870251383937,0.0,0.0,0.0,0.4525246834255959,0.0,0.22626234171279794,0.22626234171279794,0.0,0.0,0.22626234171279794,0.22626234171279794,0.0,0.21982715164947986,0.24906722676649262,0.3048432798712297
AVP0782,LTLWNEARKLNPNAI,0.5676697597325387,0.2838348798662694,0.8515046395988081,0.0,0.0,0.0,0.2838348798662694,0.0,0.0,0.2838348798662694,0.8515046395988081,0.2838348798662694,0.0,0.0,0.2838348798662694,0.0,0.2838348798662694,0.2838348798662694,0.0,0.0,0.23360454264847902,0.25821901755821386,0.22434155992703783
DRAMP18686,FLFNVIPHAINATASLIKK,1.2150825272325532,0.0,0.8100550181550353,0.0,0.0,0.0,0.0,0.0,0.40502750907751767,1.2150825272325532,0.8100550181550353,0.8100550181550353,0.0,0.8100550181550353,0.40502750907751767,0.40502750907751767,0.40502750907751767,0.0,0.0,0.40502750907751767,0.18887304857701034,0.22338687045266137,0.18271257189281073
AVP0189,FAKKFAKKFKKFAKKFAKFAFAF,1.2658701507594707,0.0,0.0,0.0,0.0,0.0,0.0,0.0,0.0,0.0,0.0,1.898805226139206,0.0,1.6878268676792942,0.0,0.0,0.0,0.0,0.0,0.0,0.26832014911419677,0.3220227418461133,0.19867875057977802
AP00243,GLLSSLSSVAKHVLPHVVPVIAEHL,0.8413795338957456,0.0,0.0,0.0,0.0,0.0,0.4206897669478728,0.4206897669478728,1.2620693008436186,0.4206897669478728,2.103448834739364,0.4206897669478728,0.0,0.0,0.8413795338957456,1.6827590677914912,0.0,0.0,0.0,2.103448834739364,0.16894898119152502,0.25512646874470213,0.15523478311590005
AVP0777,NHIQRHVNDMLGRVA,0.24964102374819724,0.4992820474963945,0.4992820474963945,0.24964102374819724,0.0,0.24964102374819724,0.0,0.24964102374819724,0.4992820474963945,0.24964102374819724,0.24964102374819724,0.0,0.24964102374819724,0.0,0.0,0.0,0.0,0.0,0.0,0.4992820474963945,0.23562273584581944,0.34189961868486834,0.17283662172111489
AVP1495,TFWWHPNYYVDW,0.0,0.0,0.2750451267864093,0.2750451267864093,0.0,0.0,0.0,0.0,0.2750451267864093,0.0,0.0,0.0,0.0,0.2750451267864093,0.2750451267864093,0.0,0.2750451267864093,0.825135380359228,0.5500902535728186,0.2750451267864093,0.19467427255203232,0.262563291119544,0.26771730954201434
AVP0932,CIPMMTEFC,0.0,0.0,0.0,0.0,0.9182573581430545,0.0,0.45912867907152727,0.0,0.0,0.45912867907152727,0.0,0.0,0.9182573581430545,0.45912867907152727,0.45912867907152727,0.0,0.45912867907152727,0.0,0.0,0.0,0.22356900427176754,0.20906768277691692,0.10823463387978838
AVP0743,QVDGFYARDLTTKAR,0.4489757754715904,0.4489757754715904,0.0,0.4489757754715904,0.0,0.2244878877357952,0.0,0.2244878877357952,0.0,0.0,0.2244878877357952,0.2244878877357952,0.0,0.2244878877357952,0.0,0.0,0.4489757754715904,0.0,0.2244878877357952,0.2244878877357952,0.27091585796448103,0.2396208224020116,0.26497543189771217
AVP0339,ADLEVVAATYVDVD,0.9731810335999201,0.0,0.0,0.9731810335999201,0.0,0.0,0.32439367786664003,0.0,0.0,0.0,0.32439367786664003,0.0,0.0,0.0,0.0,0.0,0.32439367786664003,0.0,0.32439367786664003,1.2975747114665601,0.27681126255934696,0.1498205687327964,0.24897449084121653
AVP0817,LNITNSHVSILQERPPLENRVL,0.0,0.6246712222054958,0.9370068333082436,0.0,0.0,0.3123356111027479,0.6246712222054958,0.0,0.3123356111027479,0.6246712222054958,1.2493424444109915,0.0,0.0,0.0,0.6246712222054958,0.6246712222054958,0.3123356111027479,0.0,0.0,0.6246712222054958,0.20160452813995278,0.21170538062201064,0.27435448013528885
DRAMP04582,IFGSIYHRKCVVKNRCETVSGHKTCKDLTCCRAVIFRHERPEVCRPQT,0.2682369290938508,1.6094215745631049,0.2682369290938508,0.2682369290938508,1.6094215745631049,0.2682369290938508,0.8047107872815524,0.5364738581877015,0.8047107872815524,0.8047107872815524,0.2682369290938508,1.072947716375403,0.0,0.5364738581877015,0.5364738581877015,0.5364738581877015,1.072947716375403,0.0,0.2682369290938508,1.341184645469254,0.21906253552826002,0.2452792575788629,0.26742127779902625
AVP1989,WEDWVRAI,0.17001319231504086,0.17001319231504086,0.0,0.17001319231504086,0.0,0.0,0.17001319231504086,0.0,0.0,0.17001319231504086,0.0,0.0,0.0,0.0,0.0,0.0,0.0,0.3400263846300817,0.0,0.17001319231504086,0.3108650607325386,0.3726237675571415,0.14649797939527892
AVP0026,EGPTLGNWAREIWATLFKKA,0.6846903504726994,0.22823011682423316,0.22823011682423316,0.0,0.0,0.0,0.45646023364846633,0.45646023364846633,0.0,0.22823011682423316,0.45646023364846633,0.45646023364846633,0.0,0.22823011682423316,0.22823011682423316,0.0,0.45646023364846633,0.45646023364846633,0.0,0.0,0.2373661091460603,0.30847738666288727,0.2259263873668192
AVP0960,CPKLHPGGC,0.0,0.0,0.0,0.0,0.7712945357324463,0.0,0.0,0.7712945357324463,0.38564726786622316,0.0,0.38564726786622316,0.38564726786622316,0.0,0.0,0.7712945357324463,0.0,0.0,0.0,0.0,0.0,0.196837281465538,0.2237844495763193,0.19373100109191954
AVP0414,KKKKVVAATTVLV,0.8660117066484235,0.0,0.0,0.0,0.0,0.0,0.0,0.0,0.0,0.0,0.43300585332421176,1.732023413296847,0.0,0.0,0.0,0.0,0.8660117066484235,0.0,0.0,1.732023413296847,0.09029631668957046,0.19360935289544376,0.28308847709077406
AVP2023,ALDKLEESNSKLDKVNVKLT,0.3154557780851922,0.0,0.6309115561703844,0.6309115561703844,0.0,0.0,0.6309115561703844,0.0,0.0,0.0,1.2618231123407688,1.2618231123407688,0.0,0.0,0.0,0.6309115561703844,0.3154557780851922,0.0,0.0,0.6309115561703844,0.28320293167930805,0.2191770878407855,0.18216420239471426
AVP0323,AKDLEVVCSTYVLVEA,0.7150399872966334,0.0,0.0,0.3575199936483167,0.3575199936483167,0.0,0.7150399872966334,0.0,0.0,0.0,0.7150399872966334,0.3575199936483167,0.0,0.0,0.0,0.3575199936483167,0.3575199936483167,0.0,0.3575199936483167,1.4300799745932669,0.24250307534092574,0.20942393406988294,0.19055299694087457
AVP0873,RRKKAAVALLPAVLLALEAP,2.5174174377823157,0.8391391459274385,0.0,0.0,0.0,0.0,0.4195695729637193,0.0,0.0,0.0,2.0978478648185965,0.8391391459274385,0.0,0.0,0.8391391459274385,0.0,0.0,0.0,0.0,0.8391391459274385,0.1468843527043517,0.18658799698378764,0.24695807734814132
AVP1459,LPTTQLRRHIDLLVGSAT,0.3237617232780487,0.6475234465560974,0.0,0.3237617232780487,0.0,0.3237617232780487,0.0,0.3237617232780487,0.3237617232780487,0.3237617232780487,1.2950468931121948,0.0,0.0,0.0,0.3237617232780487,0.3237617232780487,0.971285169834146,0.0,0.0,0.3237617232780487,0.18867318225883822,0.24532735498716984,0.2422377394759432
AVP1312,SVITIELSNIKENKCNGTDAKVKLIKQELDKYKNA,0.6463385805243586,0.0,1.292677161048717,0.6463385805243586,0.3231692902621793,0.3231692902621793,0.9695078707865378,0.3231692902621793,0.0,1.292677161048717,0.9695078707865378,2.262185031835255,0.0,0.0,0.0,0.6463385805243586,0.6463385805243586,0.0,0.3231692902621793,0.6463385805243586,0.28013317846418545,0.19346827394918598,0.20322925732444935
AVP1288,TAAVALVEAKQARSDIEKLKEAIRDTNKAVQSVQS,2.175980243291027,0.6217086409402934,0.3108543204701467,0.6217086409402934,0.0,0.9325629614104401,0.9325629614104401,0.0,0.0,0.6217086409402934,0.6217086409402934,1.2434172818805869,0.0,0.0,0.0,0.9325629614104401,0.6217086409402934,0.0,0.0,1.2434172818805869,0.26817348881345915,0.256620703361867,0.1643514873545273
AVP1559,DITLNNSVALDPIDISIELNKAKSDLEESKEWIRRSNQKLDSIGN,0.6005659850283727,0.6005659850283727,1.5014149625709317,1.5014149625709317,0.0,0.30028299251418633,1.2011319700567453,0.30028299251418633,0.0,1.801697955085118,1.5014149625709317,1.2011319700567453,0.0,0.0,0.30028299251418633,1.801697955085118,0.30028299251418633,0.30028299251418633,0.0,0.30028299251418633,0.25853021845098234,0.21734600718147232,0.22384078185335896
AVP0807,IDLNITMLEDHEFVP,0.0,0.0,0.3457751257028619,0.6915502514057238,0.0,0.0,0.6915502514057238,0.0,0.3457751257028619,0.6915502514057238,0.6915502514057238,0.0,0.3457751257028619,0.3457751257028619,0.3457751257028619,0.0,0.3457751257028619,0.0,0.0,0.3457751257028619,0.24496334249535776,0.1697257615102835,0.23953577029149686
AVP1161,EELRVRLASHLRKLRKRLLRDADDLQKRLAVY,0.641857382328316,1.4976672254327374,0.0,0.641857382328316,0.0,0.21395246077610536,0.4279049215522107,0.0,0.21395246077610536,0.0,1.7116196862088429,0.641857382328316,0.0,0.0,0.0,0.21395246077610536,0.0,0.0,0.21395246077610536,0.4279049215522107,0.26963648172397314,0.2747136894913554,0.24169736800856595
AVP0673,AAHLIDALYAEFLGGRVLTTPVVHRALFYASAVLRQPFLAGVPSA,2.558793039353869,0.8529310131179564,0.0,0.28431033770598546,0.0,0.28431033770598546,0.28431033770598546,0.8529310131179564,0.5686206754119709,0.28431033770598546,1.9901723639418982,0.0,0.0,0.8529310131179564,0.8529310131179564,0.5686206754119709,0.5686206754119709,0.0,0.5686206754119709,1.4215516885299273,0.19422487388059934,0.273255986937564,0.24820880147585128
AVP1804,CTEEHIVATELVIQEMYIKINVKNSP,0.3153441303739659,0.0,0.6306882607479318,0.0,0.3153441303739659,0.3153441303739659,1.2613765214958637,0.0,0.3153441303739659,1.2613765214958637,0.3153441303739659,0.6306882607479318,0.3153441303739659,0.0,0.3153441303739659,0.3153441303739659,0.6306882607479318,0.0,0.3153441303739659,0.9460323911218977,0.19112529175305454,0.20831211033219593,0.28521846754078356
AVP2024,ALDKAEESNSKLDKVNVKLT,0.6402599150825988,0.0,0.6402599150825988,0.6402599150825988,0.0,0.0,0.6402599150825988,0.0,0.0,0.0,0.9603898726238982,1.2805198301651977,0.0,0.0,0.0,0.6402599150825988,0.3201299575412994,0.0,0.0,0.6402599150825988,0.2808623369665308,0.21376941742931535,0.1852382880628545
AVP0293,KKKKVVLPFLFFF,0.0,0.0,0.0,0.0,0.0,0.0,0.0,0.0,0.0,0.0,0.8360178447133407,1.6720356894266815,0.0,1.6720356894266815,0.41800892235667036,0.0,0.0,0.0,0.0,0.8360178447133407,0.11417548702937835,0.17388622901941875,0.2939293615945324
AVP1353,ADGTQRSLLGRMKGA,0.44688629372986405,0.44688629372986405,0.0,0.22344314686493202,0.0,0.22344314686493202,0.0,0.670329440594796,0.0,0.0,0.44688629372986405,0.22344314686493202,0.22344314686493202,0.0,0.0,0.22344314686493202,0.22344314686493202,0.0,0.0,0.0,0.23538807334593143,0.24607777904269687,0.2950910007464396
AVP0936,CTTMTRMTC,0.0,0.34221388315690005,0.0,0.0,0.6844277663138001,0.0,0.0,0.0,0.0,0.0,0.0,0.0,0.6844277663138001,0.0,0.0,0.0,1.3688555326276002,0.0,0.0,0.0,0.20203295412281208,0.22481256445912295,0.23094059826116498
AVP0856,RRKKAAVAALPAVLLALLAP,3.364700846859237,0.9613430991026392,0.0,0.0,0.0,0.0,0.0,0.0,0.0,0.0,2.4033577477565977,0.9613430991026392,0.0,0.0,0.9613430991026392,0.0,0.0,0.0,0.0,0.9613430991026392,0.11179618577977367,0.18302031054580942,0.2245119541230972
AVP1139,PPFLSYLPAETDFPPPEARETPEPFSNPP,0.7260821322274248,0.3630410661137124,0.3630410661137124,0.3630410661137124,0.0,0.0,1.4521642644548496,0.0,0.0,0.0,0.7260821322274248,0.0,0.0,1.0891231983411371,3.6304106611371236,0.7260821322274248,0.7260821322274248,0.0,0.3630410661137124,0.0,0.23060282746729996,0.20755891272092605,0.19879719369806165
AVP1123,MPRRRRIRRRQK,0.0,1.5996064853222205,0.0,0.0,0.0,0.22851521218888865,0.0,0.0,0.0,0.22851521218888865,0.0,0.22851521218888865,0.22851521218888865,0.0,0.22851521218888865,0.0,0.0,0.0,0.0,0.0,0.20526365532797988,0.26821001012358847,0.29801112235954275
AVP1114,VKQCRWCGFDFDGPDGLPHYPIGKCILANE,0.2740918494152725,0.2740918494152725,0.2740918494152725,0.8222755482458174,0.8222755482458174,0.2740918494152725,0.2740918494152725,1.09636739766109,0.2740918494152725,0.548183698830545,0.548183698830545,0.548183698830545,0.0,0.548183698830545,0.8222755482458174,0.0,0.0,0.2740918494152725,0.2740918494152725,0.2740918494152725,0.25898793478959575,0.2443288150924789,0.222591400702653
DRAMP02551,MEHLYIVSYDIRNQRRWRRLFKTMHGFGCWLQLSVFQCRLDRIRIIKMEAAINEIVNHAEDHVLILDLGPAENVKPKVSSIGKTFDPILRQAVIV,1.3990418418790456,2.518275315382282,1.1192334735032365,1.3990418418790456,0.5596167367516183,1.1192334735032365,1.3990418418790456,1.1192334735032365,1.1192334735032365,3.0778920521339,2.518275315382282,1.3990418418790456,0.8394251051274273,1.1192334735032365,0.8394251051274273,1.1192334735032365,0.5596167367516183,0.5596167367516183,0.5596167367516183,2.238466947006473,0.2684210755089315,0.24923553304260354,0.20253502307265597
AVP0208,LPRRLHLEPAFLPYSVKAHEC,0.554287651978797,0.554287651978797,0.0,0.0,0.2771438259893985,0.0,0.554287651978797,0.0,0.554287651978797,0.0,1.108575303957594,0.2771438259893985,0.0,0.2771438259893985,0.8314314779681955,0.2771438259893985,0.0,0.0,0.2771438259893985,0.2771438259893985,0.24266758223739668,0.2489947870889084,0.23119380468429637
AP01025,GFPCGESCVFIPCISAAIGCSCKNKVCYRN,0.7414901094133185,0.37074505470665925,0.7414901094133185,0.0,2.224470328239956,0.0,0.37074505470665925,1.112235164119978,0.0,1.112235164119978,0.0,0.7414901094133185,0.0,0.7414901094133185,0.7414901094133185,1.112235164119978,0.0,0.0,0.37074505470665925,0.7414901094133185,0.20583230146137768,0.17338870926535135,0.25003393456661155
AVP0399,DDSVVAAMSYSFA,1.1315369343623822,0.0,0.0,0.7543579562415882,0.0,0.0,0.0,0.0,0.0,0.0,0.0,0.0,0.3771789781207941,0.3771789781207941,0.0,1.1315369343623822,0.0,0.0,0.3771789781207941,0.7543579562415882,0.20249217134176495,0.12951989583657214,0.29080895470086887
AVP1560,VALDPIDISIELNKAKSDLEESKEWIRRSNQKLDSI,0.5651469400147355,0.5651469400147355,0.5651469400147355,1.130293880029471,0.0,0.28257347000736777,1.130293880029471,0.0,0.0,1.412867350036839,1.130293880029471,1.130293880029471,0.0,0.0,0.28257347000736777,1.412867350036839,0.0,0.28257347000736777,0.0,0.28257347000736777,0.2670493253721598,0.2315381954033265,0.21883900921714583
AVP0090,AVYLHRIDLGPPISLERLDVGTNLQNAIAKLEDAK,1.2006985721124241,0.6003492860562121,0.6003492860562121,0.9005239290843181,0.0,0.30017464302810604,0.6003492860562121,0.6003492860562121,0.30017464302810604,0.9005239290843181,1.8010478581686362,0.6003492860562121,0.0,0.0,0.6003492860562121,0.30017464302810604,0.30017464302810604,0.0,0.30017464302810604,0.6003492860562121,0.2681442482712357,0.21225072429374212,0.21943038440691615
AVP0088,PDAVYLHRIDLGPPISLERLDVGTNLGNAIAKLED,0.8921468362333098,0.5947645574888732,0.5947645574888732,1.1895291149777465,0.0,0.0,0.5947645574888732,0.8921468362333098,0.2973822787444366,0.8921468362333098,1.7842936724666196,0.2973822787444366,0.0,0.0,0.8921468362333098,0.2973822787444366,0.2973822787444366,0.0,0.2973822787444366,0.5947645574888732,0.2616831911043037,0.2113871174533316,0.229547412697928
AVP0541,MAILGDTAWDFGSLGGVFTSIGKALHQVFGAIY,1.249109305288819,0.0,0.0,0.6245546526444095,0.0,0.31227732632220473,0.0,1.8736639579332286,0.31227732632220473,0.9368319789666143,0.9368319789666143,0.31227732632220473,0.31227732632220473,0.9368319789666143,0.0,0.6245546526444095,0.6245546526444095,0.31227732632220473,0.31227732632220473,0.6245546526444095,0.2314548302783614,0.24924258549555753,0.20702525790387633
AVP2008,KQRQNKPPSKPNNDFHF,0.0,0.4160202669088462,1.2480608007265386,0.4160202669088462,0.0,0.8320405338176924,0.0,0.0,0.4160202669088462,0.0,0.0,1.2480608007265386,0.0,0.8320405338176924,1.2480608007265386,0.4160202669088462,0.0,0.0,0.0,0.0,0.21671384106667074,0.1651059000354839,0.20215999198899912
AVP0716,FEDRAPVPFEEVIDK,0.24064270764636383,0.24064270764636383,0.0,0.48128541529272767,0.0,0.0,0.7219281229390915,0.0,0.0,0.24064270764636383,0.0,0.24064270764636383,0.0,0.48128541529272767,0.48128541529272767,0.0,0.0,0.0,0.0,0.48128541529272767,0.19704625651495977,0.269951312807668,0.2923597230310084
AVP0475,CQYNPLPYC,0.0,0.0,0.45719337630888157,0.0,0.9143867526177631,0.45719337630888157,0.0,0.0,0.0,0.0,0.45719337630888157,0.0,0.0,0.0,0.9143867526177631,0.0,0.0,0.0,0.9143867526177631,0.0,0.21657445125890298,0.16890049854013037,0.15733167389208513
AVP0352,KKKKVVAATYKKVA,0.846529640798871,0.0,0.0,0.0,0.0,0.0,0.0,0.0,0.0,0.0,0.0,1.693059281597742,0.0,0.0,0.0,0.0,0.282176546932957,0.0,0.282176546932957,0.846529640798871,0.1435245836845149,0.2716673490419683,0.30263152034055973
AVP1537,NNAKKTNVTLSKKRKRR,0.3962752878189859,1.1888258634569577,1.1888258634569577,0.0,0.0,0.0,0.0,0.0,0.0,0.0,0.3962752878189859,1.9813764390949296,0.0,0.0,0.0,0.3962752878189859,0.7925505756379718,0.0,0.0,0.3962752878189859,0.15586909290281573,0.19464998138052395,0.2532056378976744
AVP0457,PPCYERMPRRLIRPPPLLSVLLILRLCH,0.0,1.3518319086422117,0.0,0.0,0.5407327634568847,0.0,0.27036638172844235,0.0,0.27036638172844235,0.5407327634568847,1.8925646720990965,0.0,0.27036638172844235,0.0,1.6221982903706542,0.27036638172844235,0.0,0.0,0.27036638172844235,0.27036638172844235,0.22543937391537205,0.30892323220645956,0.1952710121497261
AVP0379,KKKKVVAATYLLV,0.7394969076357566,0.0,0.0,0.0,0.0,0.0,0.0,0.0,0.0,0.0,0.7394969076357566,1.4789938152715132,0.0,0.0,0.0,0.0,0.3697484538178783,0.0,0.3697484538178783,1.109245361453635,0.10557235836195926,0.21448230742661806,0.3101968803935445
AVP1656,CNSMWVRNC,0.0,0.24093770139528026,0.4818754027905605,0.0,0.4818754027905605,0.0,0.0,0.0,0.0,0.0,0.0,0.0,0.24093770139528026,0.0,0.0,0.24093770139528026,0.0,0.24093770139528026,0.0,0.24093770139528026,0.2127679425480069,0.3042448568035551,0.24204949925315766
AVP0042,GSWFRAISSWKQRNRWEWRPDF,0.18795152334539927,0.7518060933815971,0.18795152334539927,0.18795152334539927,0.0,0.18795152334539927,0.18795152334539927,0.18795152334539927,0.0,0.18795152334539927,0.0,0.18795152334539927,0.0,0.37590304669079855,0.18795152334539927,0.5638545700361978,0.0,0.7518060933815971,0.0,0.0,0.29680540172995107,0.21279447164902254,0.3024486032756271
AVP1785,LQLEARLQHLVAEILER,0.5148973743691987,0.5148973743691987,0.0,0.0,0.0,0.5148973743691987,0.772346061553798,0.0,0.25744868718459935,0.25744868718459935,1.2872434359229967,0.0,0.0,0.0,0.0,0.0,0.0,0.0,0.0,0.25744868718459935,0.25776010062592575,0.20757117131673988,0.27722004087273505
AVP0227,KKKKVVAATYGLV,0.694271391519265,0.0,0.0,0.0,0.0,0.0,0.0,0.3471356957596325,0.0,0.0,0.3471356957596325,1.38854278303853,0.0,0.0,0.0,0.0,0.3471356957596325,0.0,0.3471356957596325,1.0414070872788974,0.15762134275615514,0.21475715897635386,0.28048580250785843
AVP1030,QKKIRIRLSA,0.1908850012168052,0.3817700024336104,0.0,0.0,0.0,0.1908850012168052,0.0,0.0,0.0,0.3817700024336104,0.1908850012168052,0.3817700024336104,0.0,0.0,0.0,0.1908850012168052,0.0,0.0,0.0,0.0,0.3381295036805401,0.11528524061736134,0.3557002544852933
AVP0955,CPTTKSNVC,0.0,0.0,0.47606262468745814,0.0,0.9521252493749163,0.0,0.0,0.0,0.0,0.0,0.0,0.47606262468745814,0.0,0.0,0.47606262468745814,0.47606262468745814,0.9521252493749163,0.0,0.0,0.47606262468745814,0.1529903788464739,0.13209655121637978,0.23885044524968815
AVP0808,TMLEDHEFVPLEVYT,0.0,0.0,0.0,0.33639660610889544,0.0,0.0,1.0091898183266863,0.0,0.33639660610889544,0.0,0.6727932122177909,0.0,0.33639660610889544,0.33639660610889544,0.33639660610889544,0.0,0.6727932122177909,0.0,0.33639660610889544,0.6727932122177909,0.2290226094318863,0.2084652969904882,0.22611548746873014
AVP1652,CTGYHNNTC,0.0,0.0,0.8784262518333723,0.0,0.8784262518333723,0.0,0.0,0.43921312591668615,0.43921312591668615,0.0,0.0,0.0,0.0,0.0,0.0,0.0,0.8784262518333723,0.0,0.43921312591668615,0.0,0.15162741550299005,0.2109920504155339,0.19816740816478995
AVP0062,YQVVKQPDYLLVPEEVMEYK,0.0,0.0,0.0,0.3194363528627521,0.0,0.6388727057255043,0.9583090585882564,0.0,0.0,0.0,0.6388727057255043,0.6388727057255043,0.3194363528627521,0.0,0.6388727057255043,0.0,0.0,0.0,0.9583090585882564,1.2777454114510085,0.21479045310827174,0.25182910952180126,0.2139440845071748
AVP1711,DPTARLQLEARLQHLVAEILEREQSLALHA,1.370695707453938,0.8224174244723628,0.0,0.2741391414907876,0.0,0.8224174244723628,1.0965565659631504,0.0,0.5482782829815752,0.2741391414907876,1.9189739904355132,0.0,0.0,0.0,0.2741391414907876,0.2741391414907876,0.2741391414907876,0.0,0.0,0.2741391414907876,0.2484723281663115,0.18743108101875017,0.2899574493241506
AVP1636,AFKQSPPAIPALGTN,1.3004646110199103,0.0,0.43348820367330343,0.0,0.0,0.43348820367330343,0.0,0.43348820367330343,0.0,0.43348820367330343,0.43348820367330343,0.43348820367330343,0.0,0.43348820367330343,1.3004646110199103,0.43348820367330343,0.43348820367330343,0.0,0.0,0.0,0.20022898851520535,0.1987376554146562,0.16754515239683498
DRAMP00245,VGALAVVVWLWLWLW,0.8726866721266725,0.0,0.0,0.0,0.0,0.0,0.0,0.43634333606333625,0.0,0.0,1.745373344253345,0.0,0.0,0.0,0.0,0.0,0.0,1.745373344253345,0.0,1.745373344253345,0.24660479042675074,0.07787844289241341,0.23917343061749968
AVP2013,LLRVKR,0.0,0.41318232809339933,0.0,0.0,0.0,0.0,0.0,0.0,0.0,0.0,0.41318232809339933,0.20659116404669967,0.0,0.0,0.0,0.0,0.0,0.0,0.0,0.20659116404669967,0.3369724380814934,0.3281761084796715,0.12826028939213552
AVP1531,RWRWRW,0.0,0.40096682043520665,0.0,0.0,0.0,0.0,0.0,0.0,0.0,0.0,0.0,0.0,0.0,0.0,0.0,0.0,0.0,0.40096682043520665,0.0,0.0,0.43317219659413225,0.0,0.43317219659413225
AVP0727,TRTSRGWHTTDLKYN,0.0,0.49978649926457935,0.24989324963228968,0.24989324963228968,0.0,0.0,0.0,0.24989324963228968,0.24989324963228968,0.0,0.24989324963228968,0.24989324963228968,0.0,0.0,0.0,0.24989324963228968,0.9995729985291587,0.24989324963228968,0.24989324963228968,0.0,0.3325170487300584,0.22229831964630573,0.19529138199134627
AVP1496,TLWPWAWRHNWQ,0.20872755779529825,0.20872755779529825,0.20872755779529825,0.0,0.0,0.20872755779529825,0.0,0.0,0.20872755779529825,0.0,0.20872755779529825,0.0,0.0,0.0,0.20872755779529825,0.0,0.20872755779529825,0.834910231181193,0.0,0.0,0.31261421868845835,0.15937227090254105,0.3192859526137024
AVP0926,CHPSTHRYC,0.0,0.34706793819635673,0.0,0.0,0.6941358763927135,0.0,0.0,0.0,0.6941358763927135,0.0,0.0,0.0,0.0,0.0,0.34706793819635673,0.34706793819635673,0.34706793819635673,0.0,0.34706793819635673,0.0,0.20608548953982864,0.2515020100914019,0.19534456217241278
dbAMP_05235,KPVSLSYRCPCRFFESHVARANVKRLKILNTPNCALQIVARLKNNNRQVCIDPKLKWIQEYLEKALNK,1.3199473977224214,1.5839368772669058,1.84792635681139,0.26398947954448426,1.055957918177937,0.7919684386334529,0.7919684386334529,0.0,0.26398947954448426,1.055957918177937,2.111915836355874,2.111915836355874,0.0,0.5279789590889685,1.055957918177937,0.7919684386334529,0.26398947954448426,0.26398947954448426,0.5279789590889685,1.3199473977224214,0.25606328928864086,0.23795282128514503,0.24199440988172985
ADAM_0141,AIPCGESCVWIPCISAAIGCSCKNKVCYR,1.082070606648384,0.3606902022161281,0.3606902022161281,0.0,2.164141213296768,0.0,0.3606902022161281,0.7213804044322562,0.0,1.4427608088645123,0.0,0.7213804044322562,0.0,0.0,0.7213804044322562,1.082070606648384,0.0,0.3606902022161281,0.3606902022161281,0.7213804044322562,0.19644724286178036,0.18221203129377544,0.26065052362831614
AVP0482,CQGPVKPLC,0.0,0.0,0.0,0.0,0.718679149443499,0.3593395747217495,0.0,0.3593395747217495,0.0,0.0,0.3593395747217495,0.3593395747217495,0.0,0.0,0.718679149443499,0.0,0.0,0.0,0.0,0.3593395747217495,0.21945825923819468,0.20307431389338973,0.21812785214666616
AVP0463,FNLSDHSESIQKKFQLMKEHVNKIG,0.0,0.0,0.6195121855767438,0.3097560927883719,0.0,0.6195121855767438,0.6195121855767438,0.3097560927883719,0.6195121855767438,0.6195121855767438,0.6195121855767438,1.2390243711534876,0.3097560927883719,0.6195121855767438,0.0,0.9292682783651156,0.0,0.0,0.0,0.3097560927883719,0.21605508165963686,0.26656395064417665,0.2076248749078146
